Category Name,Category Slug,URLs
Tablet,tablet,https://bestviewsreviews.com/tablet/
Smartphones,smartphones,https://bestviewsreviews.com/smartphones/
Boxed chocolates,boxed-chocolates,https://bestviewsreviews.com/boxed-chocolates/
Personal Blenders,personal-blenders,https://bestviewsreviews.com/personal-blenders/
Multi-Cookers,multi-cookers,https://bestviewsreviews.com/multi-cookers/
DSLR cameras,slr-cameras,https://bestviewsreviews.com/slr-cameras/
Single-Stage Electric Snow Blowers,single-stage-electric-snow-blowers,https://bestviewsreviews.com/single-stage-electric-snow-blowers/
Smart Speakers,smart-speakers,https://bestviewsreviews.com/smart-speakers/
Smartwatches,smartwatches,https://bestviewsreviews.com/smartwatches/
Bacon,bacon,https://bestviewsreviews.com/bacon/
Electric Kettles,electric-kettles,https://bestviewsreviews.com/electric-kettles/
Electric Water Heater,electric-water-heater,https://bestviewsreviews.com/electric-water-heater/
TVs,tvs,https://bestviewsreviews.com/tvs/
Nuts,nuts,https://bestviewsreviews.com/nuts/
Coffee Grinder,coffee-grinder,https://bestviewsreviews.com/coffee-grinder/
Waterproofrugged camera,waterproofrugged-camera,https://bestviewsreviews.com/waterproofrugged-camera/
Air Mattresses,air-mattresses,https://bestviewsreviews.com/air-mattresses/
Point-and-shoot camera,point-and-shoot-camera,https://bestviewsreviews.com/point-and-shoot-camera/
Single-Stage Gas Snow Blowers,single-stage-gas-snow-blowers,https://bestviewsreviews.com/single-stage-gas-snow-blowers/
Portable Grills,portable-grills,https://bestviewsreviews.com/portable-grills/
Carpet cleaner,carpet-cleaner,https://bestviewsreviews.com/carpet-cleaner/
Air Fryers,air-fryers,https://bestviewsreviews.com/air-fryers/
Space Heaters,space-heaters,https://bestviewsreviews.com/space-heaters/
Projectors,projectors,https://bestviewsreviews.com/projectors/
Touch Laptops,touch-laptops,https://bestviewsreviews.com/touch-laptops/
Floor Lamps,floor-lamps,https://bestviewsreviews.com/floor-lamps/
Hair Removal,hair-removal,https://bestviewsreviews.com/hair-removal/
Camping Hammocks,camping-hammocks,https://bestviewsreviews.com/camping-hammocks/
Open Fire Cookware,open-fire-cookware,https://bestviewsreviews.com/open-fire-cookware/
Computer Memory,computer-memory,https://bestviewsreviews.com/computer-memory/
Wireless charging stations,wireless-charging-stations,https://bestviewsreviews.com/wireless-charging-stations/
Shampoo and Conditioner,natural-hair,https://bestviewsreviews.com/natural-hair/
Girl's Sandals,girls-sandals,https://bestviewsreviews.com/girls-sandals/
Travel Bags,travel-bags,https://bestviewsreviews.com/travel-bags/
Camping Cots,camping-cots,https://bestviewsreviews.com/camping-cots/
"Camping Pots, Pans & Griddles",camping-pots-pans-griddles,https://bestviewsreviews.com/camping-pots-pans-griddles/
Internal Hard Drives,internal-hard-drives,https://bestviewsreviews.com/internal-hard-drives/
External Hard Drives,external-hard-drives,https://bestviewsreviews.com/external-hard-drives/
Window Air Conditioners,window-air-conditioners,https://bestviewsreviews.com/window-air-conditioners/
Dehumidifier,dehumidifier,https://bestviewsreviews.com/dehumidifier/
Gas Water Heater,gas-water-heater,https://bestviewsreviews.com/gas-water-heater/
Humidifier,humidifier,https://bestviewsreviews.com/humidifier/
Portable Air Conditioners,portable-air-conditioners,https://bestviewsreviews.com/portable-air-conditioners/
Programmable Thermostats,programmable-thermostats,https://bestviewsreviews.com/programmable-thermostats/
Room Air Purifiers,room-air-purifiers,https://bestviewsreviews.com/room-air-purifiers/
Smart Thermostats,smart-thermostats,https://bestviewsreviews.com/smart-thermostats/
Bottom Freezer Refrigerators,bottom-freezer-refrigerators,https://bestviewsreviews.com/bottom-freezer-refrigerators/
Drones,drones,https://bestviewsreviews.com/drones/
Cold Brew Coffee Makers,cold-brew-coffee-makers,https://bestviewsreviews.com/cold-brew-coffee-makers/
Compact refrigerator,compact-refrigerator,https://bestviewsreviews.com/compact-refrigerator/
Countertop microwave oven,countertop-microwave-oven,https://bestviewsreviews.com/countertop-microwave-oven/
Dishwasher,dishwasher,https://bestviewsreviews.com/dishwasher/
Drip coffee maker,drip-coffee-maker,https://bestviewsreviews.com/drip-coffee-maker/
Electric coil range,electric-coil-range,https://bestviewsreviews.com/electric-coil-range/
Electric induction range,electric-induction-range,https://bestviewsreviews.com/electric-induction-range/
Electric Wall Ovens,electric-wall-ovens,https://bestviewsreviews.com/electric-wall-ovens/
Espresso maker,espresso-maker,https://bestviewsreviews.com/espresso-maker/
Food chopper,food-chopper,https://bestviewsreviews.com/food-chopper/
Food processor,food-processor,https://bestviewsreviews.com/food-processor/
Freezer,freezer,https://bestviewsreviews.com/freezer/
Steam iron,steam-iron,https://bestviewsreviews.com/steam-iron/
Steam mop,steam-mop,https://bestviewsreviews.com/steam-mop/
Digital scale,digital-scale,https://bestviewsreviews.com/digital-scale/
Electric razor,electric-razor,https://bestviewsreviews.com/electric-razor/
Sunscreen,sunscreen,https://bestviewsreviews.com/sunscreen/
Bike Helmets,bike-helmets,https://bestviewsreviews.com/bike-helmets/
Exercise bike,exercise-bike,https://bestviewsreviews.com/exercise-bike/
French Door Refrigerators,french-door-refrigerators,https://bestviewsreviews.com/french-door-refrigerators/
Full Sized Blenders,full-sized-blenders,https://bestviewsreviews.com/full-sized-blenders/
Garbage disposer,garbage-disposer,https://bestviewsreviews.com/garbage-disposer/
Gas Cooktops,gas-cooktops,https://bestviewsreviews.com/gas-cooktops/
Hand mixer,hand-mixer,https://bestviewsreviews.com/hand-mixer/
Immersion Blenders,immersion-blenders,https://bestviewsreviews.com/immersion-blenders/
Juicer,juicer,https://bestviewsreviews.com/juicer/
Meat thermometer,meat-thermometer,https://bestviewsreviews.com/meat-thermometer/
Over the range microwave oven,over-the-range-microwave-oven,https://bestviewsreviews.com/over-the-range-microwave-oven/
Refrigerator thermometer,refrigerator-thermometer,https://bestviewsreviews.com/refrigerator-thermometer/
Side By Side Refrigerators,side-by-side-refrigerators,https://bestviewsreviews.com/side-by-side-refrigerators/
Single serve coffee maker,single-serve-coffee-maker,https://bestviewsreviews.com/single-serve-coffee-maker/
Slow cooker,slow-cooker,https://bestviewsreviews.com/slow-cooker/
Stand mixer,stand-mixer,https://bestviewsreviews.com/stand-mixer/
Specialty coffee maker,specialty-coffee-maker,https://bestviewsreviews.com/specialty-coffee-maker/
Toaster,toaster,https://bestviewsreviews.com/toaster/
Toaster oven,toaster-oven,https://bestviewsreviews.com/toaster-oven/
Top Freezer Refrigerators,top-freezer-refrigerators,https://bestviewsreviews.com/top-freezer-refrigerators/
Waffle Makers,waffle-makers,https://bestviewsreviews.com/waffle-makers/
Wine chiller,wine-chiller,https://bestviewsreviews.com/wine-chiller/
Laptop,laptop,https://bestviewsreviews.com/laptop/
Compact Dryers,compact-dryers,https://bestviewsreviews.com/compact-dryers/
Compact Washers,compact-washers,https://bestviewsreviews.com/compact-washers/
Paper towel,paper-towel,https://bestviewsreviews.com/paper-towel/
All-In-One Car Seats,all-in-one-car-seats,https://bestviewsreviews.com/all-in-one-car-seats/
Convertible Car Seats,convertible-car-seats,https://bestviewsreviews.com/convertible-car-seats/
High chair,high-chair,https://bestviewsreviews.com/high-chair/
Infant Car Seats,infant-car-seats,https://bestviewsreviews.com/infant-car-seats/
Toddler Booster Seats,toddler-booster-seats,https://bestviewsreviews.com/toddler-booster-seats/
Traditional stroller,traditional-stroller,https://bestviewsreviews.com/traditional-stroller/
Thermometer,thermometer,https://bestviewsreviews.com/thermometer/
Tire pressure gauge,tire-pressure-gauge,https://bestviewsreviews.com/tire-pressure-gauge/
Jump starters,jump-starters,https://bestviewsreviews.com/jump-starters/
Pedometers,pedometers,https://bestviewsreviews.com/pedometers/
Rowing machines,rowing-machines,https://bestviewsreviews.com/rowing-machines/
Treadmill,treadmill,https://bestviewsreviews.com/treadmill/
Protein shakes,protein-shakes,https://bestviewsreviews.com/protein-shakes/
Spiral hams,spiral-hams,https://bestviewsreviews.com/spiral-hams/
Carpet stain remover,carpet-stain-remover,https://bestviewsreviews.com/carpet-stain-remover/
Dishwasher detergent,dishwasher-detergent,https://bestviewsreviews.com/dishwasher-detergent/
Laundry detergent,laundry-detergent,https://bestviewsreviews.com/laundry-detergent/
Breakfast sandwiches,breakfast-sandwiches,https://bestviewsreviews.com/breakfast-sandwiches/
Cheese pizza,cheese-pizza,https://bestviewsreviews.com/cheese-pizza/
Crackers,crackers,https://bestviewsreviews.com/crackers/
Snack bars,snack-bars,https://bestviewsreviews.com/snack-bars/
Soups,soups,https://bestviewsreviews.com/soups/
Veggie chips,veggie-chips,https://bestviewsreviews.com/veggie-chips/
Veggie Pizza,veggie-pizza,https://bestviewsreviews.com/veggie-pizza/
Blood Glucose Meters,blood-glucose-meters,https://bestviewsreviews.com/blood-glucose-meters/
Bathroom sink,bathroom-sink,https://bestviewsreviews.com/bathroom-sink/
DIY Home Security Systems,diy-home-security-systems,https://bestviewsreviews.com/diy-home-security-systems/
Door Locks,door-locks,https://bestviewsreviews.com/door-locks/
Exterior paint,exterior-paint,https://bestviewsreviews.com/exterior-paint/
Cookware Sets (Nonstick),cookware-sets-nonstick,https://bestviewsreviews.com/cookware-sets-nonstick/
Cookware Sets (Other),cookware-sets-other,https://bestviewsreviews.com/cookware-sets-other/
Heart rate monitor,heart-rate-monitor,https://bestviewsreviews.com/heart-rate-monitor/
Mattress,mattress,https://bestviewsreviews.com/mattress/
Sheet,sheet,https://bestviewsreviews.com/sheet/
Toilet,toilet,https://bestviewsreviews.com/toilet/
Toilet paper,toilet-paper,https://bestviewsreviews.com/toilet-paper/
Kitchen sink,kitchen-sink,https://bestviewsreviews.com/kitchen-sink/
Lightbulb,lightbulb,https://bestviewsreviews.com/lightbulb/
Pasta Sauce,pasta-sauce,https://bestviewsreviews.com/pasta-sauce/
Popcorn,popcorn,https://bestviewsreviews.com/popcorn/
Veggie burgers,veggie-burgers,https://bestviewsreviews.com/veggie-burgers/
Showerhead,showerhead,https://bestviewsreviews.com/showerhead/
Home Standby Generators,home-standby-generators,https://bestviewsreviews.com/home-standby-generators/
Portable Generators,portable-generators,https://bestviewsreviews.com/portable-generators/
Frying Pans (Cast Iron),frying-pans-cast-iron,https://bestviewsreviews.com/frying-pans-cast-iron/
Frying Pans (Nonstick),frying-pans-nonstick,https://bestviewsreviews.com/frying-pans-nonstick/
Kitchen knives,kitchen-knives,https://bestviewsreviews.com/kitchen-knives/
Reverse Osmosis Water Filters,reverse-osmosis-water-filters,https://bestviewsreviews.com/reverse-osmosis-water-filters/
Women Hats,women-hats,https://bestviewsreviews.com/women-hats/
LED Lightning,led-lightning,https://bestviewsreviews.com/led-lightning/
Detox juice,detox-juice,https://bestviewsreviews.com/detox-juice/
Room Air Conditioners,room-air-conditioners,https://bestviewsreviews.com/room-air-conditioners/
Bluetooth Speakers,bluetooth-speakers,https://bestviewsreviews.com/bluetooth-speakers/
Smart Tv,smart-tv,https://bestviewsreviews.com/smart-tv/
Front Load Washers,front-load-washers,https://bestviewsreviews.com/front-load-washers/
Double strollers and multiples,double-strollers-and-multiples,https://bestviewsreviews.com/double-strollers-and-multiples/
Car battery,car-battery,https://bestviewsreviews.com/car-battery/
Car wax,car-wax,https://bestviewsreviews.com/car-wax/
Blood Pressure Monitors,blood-pressure-monitors,https://bestviewsreviews.com/blood-pressure-monitors/
Photo printers,photo-printers,https://bestviewsreviews.com/photo-printers/
Ice makers,ice-makers,https://bestviewsreviews.com/ice-makers/
Wine cellars,wine-cellars,https://bestviewsreviews.com/wine-cellars/
Solar controller,solar-controller,https://bestviewsreviews.com/solar-controller/
Water cooling systems,water-cooling-systems,https://bestviewsreviews.com/water-cooling-systems/
Computer cpu cooling fans,computer-cpu-cooling-fans,https://bestviewsreviews.com/computer-cpu-cooling-fans/
Cell phone cases,cell-phone-cases,https://bestviewsreviews.com/cell-phone-cases/
Cordless telephones,cordless-telephones,https://bestviewsreviews.com/cordless-telephones/
All purpose cleaners,all-purpose-cleaners,https://bestviewsreviews.com/all-purpose-cleaners/
Booster Seats,booster-seats,https://bestviewsreviews.com/booster-seats/
Crib,crib,https://bestviewsreviews.com/crib/
Elliptical,elliptical,https://bestviewsreviews.com/elliptical/
Coffee blend,coffee-blend,https://bestviewsreviews.com/coffee-blend/
Coffee pods,coffee-pods,https://bestviewsreviews.com/coffee-pods/
Frozen Meals,frozen-meals,https://bestviewsreviews.com/frozen-meals/
Frozen Vegetables,frozen-vegetables,https://bestviewsreviews.com/frozen-vegetables/
Frozen waffles,frozen-waffles,https://bestviewsreviews.com/frozen-waffles/
Guacamole,guacamole,https://bestviewsreviews.com/guacamole/
Ice Creams and Frozen Desserts,ice-creams-and-frozen-desserts,https://bestviewsreviews.com/ice-creams-and-frozen-desserts/
Plant Milk,plant-milk,https://bestviewsreviews.com/plant-milk/
Smoke Detectors,smoke-detectors,https://bestviewsreviews.com/smoke-detectors/
Video Doorbells,video-doorbells,https://bestviewsreviews.com/video-doorbells/
Wireless Security Cameras,wireless-security-cameras,https://bestviewsreviews.com/wireless-security-cameras/
Wood stain,wood-stain,https://bestviewsreviews.com/wood-stain/
Countertop Water Filters,countertop-water-filters,https://bestviewsreviews.com/countertop-water-filters/
Dutch Ovens,dutch-ovens,https://bestviewsreviews.com/dutch-ovens/
Faucet Mounted Water Filters,faucet-mounted-water-filters,https://bestviewsreviews.com/faucet-mounted-water-filters/
Under Sink Water Filters,under-sink-water-filters,https://bestviewsreviews.com/under-sink-water-filters/
Water Filter Pitchers,water-filter-pitchers,https://bestviewsreviews.com/water-filter-pitchers/
Charcoal Grills,charcoal-grills,https://bestviewsreviews.com/charcoal-grills/
Gas Grills,gas-grills,https://bestviewsreviews.com/gas-grills/
In Ground Sprinkler Controllers,in-ground-sprinkler-controllers,https://bestviewsreviews.com/in-ground-sprinkler-controllers/
Pellet Grills,pellet-grills,https://bestviewsreviews.com/pellet-grills/
Battery Mower,battery-mower,https://bestviewsreviews.com/battery-mower/
Chainsaws,chainsaws,https://bestviewsreviews.com/chainsaws/
Cordless Drills,cordless-drills,https://bestviewsreviews.com/cordless-drills/
Gas Mowers,gas-mowers,https://bestviewsreviews.com/gas-mowers/
Leaf Blowers,leaf-blowers,https://bestviewsreviews.com/leaf-blowers/
Mobile screen protector,mobile-screen-protector,https://bestviewsreviews.com/mobile-screen-protector/
Computer motherboards,computer-motherboards,https://bestviewsreviews.com/computer-motherboards/
Cloth napkins,cloth-napkins,https://bestviewsreviews.com/cloth-napkins/
PC game headsets,pc-game-headsets,https://bestviewsreviews.com/pc-game-headsets/
Table runners,table-runners,https://bestviewsreviews.com/table-runners/
Knife sharpener,knife-sharpener,https://bestviewsreviews.com/knife-sharpener/
Dinnerware and serveware,dinnerware-and-serveware,https://bestviewsreviews.com/dinnerware-and-serveware/
Throw pillows,throw-pillows,https://bestviewsreviews.com/throw-pillows/
Storage benches,storage-benches,https://bestviewsreviews.com/storage-benches/
Popcorn poppers,popcorn-poppers,https://bestviewsreviews.com/popcorn-poppers/
Wall art,wall-art,https://bestviewsreviews.com/wall-art/
Rugs,rugs,https://bestviewsreviews.com/rugs/
Water purifier,water-purifier,https://bestviewsreviews.com/water-purifier/
Patio furniture,patio-furniture,https://bestviewsreviews.com/patio-furniture/
"Womens tops, tees and blouses",womens-tops-tees-blouses,https://bestviewsreviews.com/womens-tops-tees-blouses/
Women's sweaters,womens-sweaters,https://bestviewsreviews.com/womens-sweaters/
Women's dresses,womens-dresses,https://bestviewsreviews.com/womens-dresses/
Laptop bags,laptop-bags,https://bestviewsreviews.com/laptop-bags/
Air Purifier,air-purifier,https://bestviewsreviews.com/air-purifier/
Battling tops,battling-tops,https://bestviewsreviews.com/battling-tops/
Board Games,board-games,https://bestviewsreviews.com/board-games/
Card Games,card-games,https://bestviewsreviews.com/card-games/
Dice Games,dice-games,https://bestviewsreviews.com/dice-games/
Floor Games,floor-games,https://bestviewsreviews.com/floor-games/
